Medientyp,Autor,Titel,Titelliste,Kategorie,Code,Letzter Nutzer,Verleihdatum,Regal
CD,Ildiko Krebs,Versuchen sicher.,Deshalb voll um schlafen alt ihm suchen.,Horror,1589591106333,Etta Dussen van,2024-03-26 11:08:12,Regal-2
CD,Prof. Birger Etzler B.Eng.,Wetter jung.,Sich sprechen gleich Nacht auch.,Punkrock,8226888527671,Ria Keudel-Eigenwillig,,Regal-8
DVD,Erkan Mielcarek,Schlafen dich voll zurück.,,Comedy,0552227362145,Tatiana Löchel,,Regal-7
Buch,Prof. Falko Martin B.Sc.,Hinter zwei Platz Freund Pferd.,,Roman,978-0-18-802608-5,Siegbert Ditschlerin,2024-07-31 03:55:38,Regal-4
CD,Ing. Brita Schwital,Land als vorbei.,Tier unser schicken mich Himmel rund.,Comedy,5040525959334,Ralf-Peter Pruschke-Oderwald,2024-06-06 22:40:26,Regal-9
Buch,Richard Juncken,Schwimmen bald.,,Sachbuch,978-0-491-94231-7,Univ.Prof. Jochem Ruppersberger B.A.,2024-06-22 23:06:44,Regal-7
CD,Univ.Prof. Ferenc Haase,Spät wollen Leute Teller heraus.,Tief einmal Zahl groß an.,Pop,6680541595476,Ortrun Gutknecht,,Regal-1
DVD,Katarina Kambs,Hier ohne oft.,,Comedy,7204342553146,Fredo Kreusel,,Regal-7
DVD,Abdul Mans B.Eng.,Heiß weil Brot Eis.,,Sachbuch,8285171637121,Peter Süßebier,2024-05-13 04:35:28,Regal-5
DVD,Dipl.-Ing. Lilija Paffrath,Fenster Baum Ferien Sonne.,,Pop,9322644404961,Aline Löchel B.Eng.,2024-08-28 11:28:35,Regal-10
CD,Dipl.-Ing. Christian Aumann B.Sc.,Sache erklären.,Land schlafen Stück dann traurig Kind steigen stark.,Punkrock,8544227529026,Lina Junck,2024-01-01 02:05:50,Regal-2
DVD,Dipl.-Ing. Silva Sontag MBA.,Affe leise.,,Punkrock,9689113192621,Ing. Oliver Schulz,2024-03-17 14:38:14,Regal-10
CD,Milena Hänel,Durch wichtig.,Nichts rot drei Fenster Fenster in mehr müssen.,Roman,1718923224159,Gesa Kallert,,Regal-10
DVD,Dipl.-Ing. Hanspeter Pruschke,Verkaufen beißen immer Gesicht.,,Comedy,1542956892326,Ilona Caspar,,Regal-10
Buch,Dorothe Vogt,Herr holen fangen.,,Pop,978-1-06-032312-4,Alfredo Wieloch,2024-01-11 02:12:52,Regal-4
Buch,Stefania Mosemann,Braun oben.,,Pop,978-0-411-46611-4,Birgid Pieper-Mälzer,,Regal-2
DVD,Bruno Klingelhöfer,Springen gibt die.,,Punkrock,6464814294163,Univ.Prof. Jovan Seidel,2024-01-19 04:46:56,Regal-10
DVD,Dipl.-Ing. Viktor Geißler,Sache vom nämlich.,,Punkrock,7512564308032,Leander Rudolph,2024-04-12 20:53:01,Regal-8
DVD,Univ.Prof. Johan Drewes,Böse tief den.,,Pop,1397137109690,Carl-Heinz Zänker,2024-04-29 18:41:33,Regal-9
Buch,Nora Dowerg-Matthäi,Glas Loch Herz.,,Roman,978-1-121-67501-8,Miodrag Pruschke,2024-03-14 13:22:41,Regal-5
Buch,Univ.Prof. Gesine Otto,Uns sprechen nämlich Vogel.,,Horror,978-1-67159-475-3,Sibylla Pechel-Seifert,,Regal-10
Buch,Ian Weimer B.Sc.,Geben zusammen Uhr auch alle.,,Sachbuch,978-1-311-89304-8,Dipl.-Ing. Luzie Trommler,,Regal-2
DVD,Vinko Klotz,Hören für Garten Hund Frage.,,Horror,7496034713543,Heinz-Walter Haering,,Regal-4
DVD,Ulrich Hörle MBA.,Kommen Feuer ein.,,Comedy,9821271365787,Janus Radisch,,Regal-5
DVD,Victor Kühnert,Tür seit.,,Punkrock,6886723996714,Norman Hübel,2024-04-06 14:28:29,Regal-7
CD,Ingelore Gerlach,Mal Ball Eltern Tag rund.,Junge wie kalt.,Sachbuch,2432316219612,Josephine Speer,,Regal-7
CD,Mirella Pechel,Berg schaffen Herz.,Hunger heiß Erde Vogel Schule Wohnung.,Comedy,1426435779301,Prof. Gabor Karge,,Regal-7
DVD,Reimar Hettner,Einigen offen grün.,,Comedy,5095091347153,Josip Meyer,,Regal-8
DVD,Friedrich-Karl Hartmann,Fisch werden nach glauben.,,Pop,2631541173342,Ing. Georgios Schacht,,Regal-10
DVD,Frau Wendelin Freudenberger,Acht sehr drehen.,,Horror,7932172489082,Dipl.-Ing. Heinfried Schweitzer,,Regal-6
CD,Dr. Branka Knappe,Fallen schlagen.,Drehen dabei Jahr kein Hund.,Roman,9434340961140,Andrea Plath B.Sc.,2024-02-17 09:07:10,Regal-2
CD,Herr Imre Rose,Langsam Zahl.,Abend möglich groß kennen alle anfangen letzte.,Roman,9181076894302,Carmelo Stroh,2024-04-27 23:45:14,Regal-4
Buch,Henri Kuhl,Sonne Eltern sofort sechs.,,Comedy,978-1-58917-452-8,Ing. Gerti Pohl,,Regal-2
Buch,Dipl.-Ing. Dragica Keudel B.Sc.,Hängen draußen für unter.,,Horror,978-1-5099-4978-6,Mona Heuser,2024-03-07 19:53:30,Regal-10
DVD,Dipl.-Ing. Jaroslaw Löwer B.Eng.,Tag ja gar einige las.,,Roman,1440714320749,Samuel Gnatz B.Eng.,,Regal-1
CD,Walther Scholz,Ob früh reich Minute weinen.,Nennen ließ schreien Leute anfangen.,Pop,4321509754444,Juan Kobelt,2024-06-28 20:56:46,Regal-7
Buch,Hans-Henning Schäfer,Gestern schön bekommen finden.,,Horror,978-0-9794856-3-3,Dorit Ullrich,2024-08-10 17:10:34,Regal-1
Buch,Lilly Flantz-Gierschner,Dich wer Rad holen.,,Punkrock,978-1-4710-2238-8,Käte Wiek,2024-05-06 15:37:47,Regal-4
DVD,Frau Frederike Ruppersberger,Treffen blau Wort.,,Pop,1069647823778,Reginald Häring,2024-02-27 04:32:36,Regal-3
CD,Sigmar Hübel B.A.,Herr Wetter wir.,Sagen dumm jeder machen ich Monat.,Roman,5845291817747,Max van der Dussen B.A.,,Regal-7
Buch,Prof. Marina Heinz,Kommen drei essen.,,Pop,978-1-111-48083-7,Zeljko Fröhlich B.Eng.,,Regal-9
CD,Hildegund Rädel MBA.,Ball schenken.,Natürlich Wort trinken los Stadt traurig Katze.,Pop,5387131022619,Zita Cichorius MBA.,2024-01-06 17:16:33,Regal-1
DVD,Frau Wilhelmine Scholz,Langsam leise hat.,,Horror,5244506957597,Ilka Kraus-Textor,2024-05-03 13:29:29,Regal-8
Buch,Ing. Reinhilde Gorlitz,Fünf wollen wohnen.,,Comedy,978-0-231-61325-5,Felicitas Girschner,2024-09-24 04:09:47,Regal-4
Buch,Prof. Edgar Klemm,Mama wird ließ hin.,,Sachbuch,978-1-84810-291-0,Dr. Marica Röhricht B.Sc.,2024-01-04 19:52:51,Regal-3
CD,Karl-Friedrich Neuschäfer,Hinein was müde.,Hunger offen Stunde gestern erklären ganz Oma.,Comedy,4451619152530,Siegward Binner MBA.,,Regal-5
DVD,Prof. Wojciech Meister B.Eng.,In schaffen gehören.,,Comedy,9681640366865,Gunda Schleich,2024-02-22 03:29:13,Regal-10
Buch,Anto Klingelhöfer,Wohnung letzte dann.,,Punkrock,978-1-183-37608-3,Dipl.-Ing. Ottokar Faust B.Eng.,2024-03-04 15:49:13,Regal-4
CD,Prof. Irmengard Harloff,Fisch schwer Mutter.,Bleiben mit Sache hart nur neben doch.,Sachbuch,1840411994067,Univ.Prof. Christl Hein B.Eng.,2024-06-16 12:24:59,Regal-6
Buch,Dr. Andres Kramer B.A.,Schwarz Mensch dich.,,Punkrock,978-0-297-67092-6,Pascale Margraf B.Sc.,,Regal-5
DVD,Inka Niemeier,Fährt gewinnen dabei.,,Roman,4332973188888,Univ.Prof. Gotthilf Krebs,2024-05-12 02:27:11,Regal-10
DVD,Hella Kambs-Schmidt,Mögen Frau erzählen.,,Punkrock,4235615494036,Jens-Uwe Nohlmans,2024-01-08 08:26:52,Regal-6
CD,Nuri Dehmel MBA.,Zwischen baden dauern Meer.,Gewinnen Schwester dazu frei hin brauchen fressen dort.,Roman,3736285118570,Georgia Ebert,,Regal-3
DVD,Dipl.-Ing. Margitta Jüttner B.A.,Hier Berg.,,Roman,2124272515784,Eckehard Fischer-Gute,,Regal-4
DVD,Dipl.-Ing. Kamil Wagenknecht B.A.,Am heraus Pferd Mutter sich.,,Comedy,4323402036993,Univ.Prof. Karl-Hans Nohlmans,,Regal-2
Buch,Herr Hartmut Heinrich B.Sc.,Meer Himmel neu.,,Comedy,978-1-5106-5649-9,Yusuf Sager-Grein Groth,2024-01-18 07:45:49,Regal-3
Buch,Annemie Neuschäfer,Für halten los.,,Pop,978-0-241-58500-9,Ing. Simon Eckbauer B.Sc.,,Regal-9
Buch,Dipl.-Ing. Jasmin Hölzenbecher B.Eng.,Von Hund tun danach.,,Pop,978-1-4868-3232-3,Hans-Albert Kitzmann,,Regal-9
Buch,Gerald van der Dussen-Heser,Besser schreien Schwester Land.,,Horror,978-0-271-57561-2,Gislinde Wieloch,2024-02-23 02:38:25,Regal-8
DVD,Inken Schwital,Hund ab nicht.,,Pop,0624925052977,Caren Thies,,Regal-3
Buch,Dr. Editha Schleich,Luft warten weil Auto antworten.,,Sachbuch,978-0-232-28721-9,Dr. Alberto Müller,,Regal-2
DVD,Wenke Losekann B.Eng.,Antworten langsam los Affe.,,Horror,7627810427761,Frau Belinda Klingelhöfer,2024-01-02 04:15:42,Regal-9
Buch,Ernst-Dieter Meister,Fast richtig doch heraus kalt.,,Roman,978-1-4366-2092-5,Adriana Stroh,2024-04-13 22:40:37,Regal-4
DVD,Mareile Beckmann,Warten schnell trinken.,,Roman,7286404633195,Herr Hugo Hermighausen,2024-07-03 17:33:29,Regal-4
Buch,Pedro Trommler,Sonntag fragen finden.,,Horror,978-0-421-70398-8,Auguste Rudolph,,Regal-8
Buch,Wibke Beier-Trommler,Unten vier Mutter wirklich.,,Punkrock,978-1-896945-67-5,Matteo Gutknecht,,Regal-1
Buch,Ramazan Kreusel-Lindau,Schwarz ihm Zeit stellen einfach.,,Sachbuch,978-1-393-41957-0,Bela Junck,,Regal-10
CD,Ivan Förster,Neben Zimmer mit verlieren.,Bauen lange essen den einmal.,Horror,5751753517622,Eberhardt Häring,,Regal-9
CD,Herr Hermann Lorch B.Eng.,Verstehen kochen rund weiß in.,Klettern Apfel ich schwer allein dein über.,Horror,6052154402654,Antonietta Wagenknecht,,Regal-1
DVD,Trudel Lange-Wilms,Monate weg unser nichts neu.,,Sachbuch,6317933522016,Dipl.-Ing. Ansgar Zimmer,2024-03-28 04:13:08,Regal-2
CD,Zenta Bohnbach,Letzte durch vergessen lange.,Gibt einige früher lesen offen sehen.,Horror,3843173341399,Hans-Ludwig Hellwig,,Regal-8
DVD,Dr. Babett Zobel MBA.,Müde Stelle finden offen.,,Roman,8781426719791,Luigi Girschner,,Regal-4
DVD,Ria Killer,Besser hinter.,,Roman,9144144284764,Camilla Kraus B.A.,2024-03-04 12:28:58,Regal-5
CD,Stefania Reuter-Patberg,Abend Name Küche draußen.,Nacht Sonntag heißen ließ jetzt.,Roman,6205305819379,Mohammad Krause,2024-03-17 17:24:52,Regal-1
CD,Hans-Michael Zorbach,Wagen braun Zimmer treffen Berg.,Dafür leicht er scheinen Nase weit.,Horror,3742615267085,Herr Adolf Scheuermann,,Regal-6
CD,Olena Wiek MBA.,Wenig Sonne braun.,Können Arzt lachen Tür Schule was offen.,Roman,0094459594043,Dorothea Ditschlerin B.A.,2024-08-23 17:53:56,Regal-3
Buch,Hansgeorg Neuschäfer,Nun sprechen Monate etwas stark.,,Horror,978-0-02-217033-2,Erdal Dietz,,Regal-2
CD,Univ.Prof. Michail Staude B.Eng.,Fressen oft wir.,Ferien unten setzen Sache schon.,Pop,3421033480947,Hans-Heinrich Kusch B.A.,,Regal-3
Buch,Ing. Dorothea Flantz B.Sc.,Jetzt legen.,,Sachbuch,978-1-84198-801-6,Janus Weinhold,,Regal-6
DVD,Irmtrud Kohl,Lange braun Vogel.,,Roman,8500018839057,Hans-Bernd Römer,2024-08-27 20:28:58,Regal-3
DVD,Adele van der Dussen,Schreiben sehen um mehr waschen.,,Comedy,3858923663607,Dipl.-Ing. Hans-Heinrich Ebert B.Eng.,2024-06-16 22:48:21,Regal-6
Buch,Dipl.-Ing. Hanne-Lore Schottin,Andere kommen lachen gelb.,,Horror,978-0-629-64078-8,Reinhardt Mende-Pölitz,,Regal-6
DVD,Marianne Hethur,Fliegen davon.,,Horror,5958865499789,Hans Josef Langern,2024-02-06 02:36:33,Regal-3
CD,Betti Köster,Sprechen erst Wissen.,Beim dürfen mit See der trinken.,Sachbuch,1135677972059,Monika Lindau B.Sc.,2024-02-09 14:03:30,Regal-4
CD,Hansjoachim Hellwig,Baden langsam stellen.,Kalt fliegen Monate her halten schwimmen.,Comedy,8478909452237,Univ.Prof. Armin Jungfer,,Regal-9
DVD,Erica Koch-Finke,Allein schicken leicht ihr.,,Pop,4790180396265,Prof. Vanessa Trommler B.Sc.,,Regal-2
DVD,Herr Xaver Losekann,Am der.,,Pop,0300300381671,Prof. Ingetraud Beier MBA.,,Regal-4
CD,Gerald Heser-Weimer,Hören Nacht Feuer kurz.,Brot dir sagen alt nimmt warm.,Sachbuch,0961691925334,Frau Anna-Maria Roskoth,,Regal-2
CD,Angelo Seip,Was sprechen.,Doch Vater ziehen.,Horror,9507152094921,Karl-Jürgen Mälzer,2024-09-15 05:49:57,Regal-2
Buch,Ildiko Boucsein B.A.,Sieht aber.,,Pop,978-0-931936-30-2,Jörg-Peter Rosenow,2024-01-09 08:32:14,Regal-9
Buch,Guido Reuter,Werden wohl nass spät.,,Punkrock,978-1-877277-36-8,Stefanie Ladeck-Klemt,,Regal-3
Buch,Antoinette Köhler-Rogge,Zwischen gehören.,,Roman,978-0-591-33679-5,Frederike Mosemann,,Regal-5
DVD,Balthasar Losekann,Kam turnen fiel kennen dick.,,Horror,3370610582515,Inka Pruschke-Holzapfel,,Regal-1
Buch,Kreszentia Berger,Fröhlich klettern nächste.,,Horror,978-0-501-84900-1,Reinhart Römer,2024-09-23 12:08:43,Regal-1
CD,Prof. Claus-Peter Stiebitz MBA.,Unten dort ins jetzt.,Flasche vorbei Wagen noch rufen alle.,Comedy,5296754821878,Guido Margraf,,Regal-1
Buch,Dr. Rabea Täsche MBA.,Feuer einigen warum.,,Punkrock,978-0-9753213-6-2,Ekaterina Wirth,,Regal-5
Buch,Alla Mans,Oma Stein Wiese.,,Punkrock,978-0-451-55059-0,Univ.Prof. Carin Birnbaum,2024-04-27 08:34:10,Regal-9
CD,Wolf Juncken,Teller schaffen Fuß hin fallen.,Ferien nach legen Schiff.,Pop,7143183535747,Reinhardt Hettner,2024-07-11 10:25:23,Regal-3
DVD,Aribert Säuberlich-Gude,Spielen schauen.,,Sachbuch,5458313184170,Michaela Reinhardt-Kaul,,Regal-7
Buch,Friedl Hänel,Junge rennen gut nächste.,,Sachbuch,978-1-149-09282-8,Ansgar Heuser,,Regal-7
CD,Prof. Friedl Rädel,Arzt bin Tier sie.,War kam Ferien vergessen verstecken heute.,Sachbuch,1080772292789,Tomislav Hein,2024-04-17 17:46:48,Regal-8
DVD,Alfons Hethur,Erschrecken bin Schluss damit.,,Roman,5297923582248,Romy Rädel-Pieper,2024-07-19 10:13:58,Regal-1
CD,Lilija Kallert,Angst erzählen Mädchen.,Oft verkaufen Auge Fahrrad.,Sachbuch,1412567513432,Leonhard Jäntsch MBA.,2024-07-27 11:45:59,Regal-1
DVD,Folkert Schmidt MBA.,Warten halten singen.,,Sachbuch,4782689659873,Renato Säuberlich,2024-07-27 18:34:56,Regal-4
CD,Annette Täsche,Denn laufen hoch.,Machen einfach liegen Junge Wetter rechnen öffnen erklären.,Punkrock,1363204330632,Bartholomäus Flantz,,Regal-2
CD,Christos Berger B.Sc.,Hund traurig halten Land.,Nass hinein möglich genau verkaufen werfen selbst nicht.,Roman,9868763494709,Margaret Höfig,2024-09-11 06:32:40,Regal-9
CD,Prof. Anika Putz B.Eng.,Hat einigen reich.,Hängen krank sprechen Sache Stunde dafür.,Roman,7168399640412,Rolf-Peter Barkholz,2024-04-27 20:11:48,Regal-10
CD,Simon Kroker MBA.,Küche richtig arbeiten nämlich wenn.,Sitzen Bruder kein Mutter.,Pop,4002112104153,Ing. Senol Hermighausen,2024-09-09 07:52:00,Regal-4
DVD,Univ.Prof. Jennifer Klemt B.Sc.,Seit draußen mein ihm Spaß.,,Punkrock,9734913859950,Heinz-Dieter Beyer,,Regal-3
CD,Paul-Heinz Striebitz B.Eng.,Singen lachen gelb.,Wissen treffen voll Maus beim war unten verlieren.,Punkrock,6136697601771,Mike Walter,,Regal-9
DVD,Ehrenfried Rogge,Haus ganz wünschen Finger.,,Comedy,4244163914828,Norma Schenk B.Sc.,2024-07-15 12:26:19,Regal-6
DVD,Sabrina Hesse-Herrmann,Brot warm lassen Luft wahr.,,Roman,5368109829850,Kathi Hiller-Reuter,2024-09-22 01:17:35,Regal-6
Buch,Emanuel Förster,Wünschen Glas.,,Comedy,978-1-85194-200-8,Willy Zobel,2024-02-03 02:12:14,Regal-10
Buch,Alexa Gertz,Beißen Musik so.,,Comedy,978-0-89565-764-0,Dr. Simona Graf,,Regal-6
Buch,Marzena Holzapfel B.A.,Winter bin.,,Pop,978-0-88501-509-2,Vadim Pohl,,Regal-1
DVD,Dr. Carola Schmidt MBA.,Möglich sie Baum Name allein.,,Punkrock,7357461140206,Telse Ullmann,,Regal-6
DVD,Dr. Nikolaus Hauffer,Verlieren Land.,,Comedy,9913120324509,Hans-Ludwig Eckbauer,,Regal-10
DVD,Prof. Lieselotte Martin B.Sc.,Tot Monate Spaß heute später.,,Roman,8724373157230,Geraldine Franke B.Eng.,,Regal-7
Buch,Dr. Erdogan Dussen van,Acht rufen die sicher.,,Sachbuch,978-1-67589-147-6,Marisa Reichmann,,Regal-2
DVD,Magret Zänker,Katze blau See gelb.,,Horror,7845369986472,Imelda Budig,,Regal-3
DVD,Prof. Rebecca Karz B.Eng.,Schlafen oben Name.,,Sachbuch,4890240222883,Marieluise Trupp-Cichorius,2024-05-07 11:15:54,Regal-10
CD,Gerta Juncken,Fuß tot Zeit dich liegen.,Pferd Licht oben ganz sieben Arzt reiten.,Punkrock,0434602734849,Imre Möchlichen,,Regal-9
Buch,Zehra Lange,Brot Onkel merken.,,Pop,978-1-84301-130-9,Ingetraud Langern B.Sc.,2024-06-28 05:13:52,Regal-9
CD,Lieselotte Dippel,Immer Stadt vom.,Vorbei versuchen heute.,Punkrock,8438713722629,Univ.Prof. Adelinde Martin,2024-02-20 12:42:27,Regal-1
Buch,Hildburg Putz,Bruder gefährlich deshalb Winter.,,Roman,978-0-00-091933-5,Ann Jacob-Rörricht,2024-06-09 02:24:03,Regal-5
Buch,Prof. Gottlieb Sontag MBA.,Sein sollen springen.,,Pop,978-0-652-59052-4,Heide-Marie Lachmann,,Regal-7
Buch,Edmund Weinhage,Leben für gefährlich.,,Roman,978-1-60025-209-9,Nico Ruppert B.A.,,Regal-7
CD,Univ.Prof. Imelda Eckbauer B.Sc.,Schüler Straße gibt Finger.,Halbe fertig dann hart vergessen weg nächste.,Comedy,7052759820739,Erhardt Schäfer,,Regal-7
DVD,Wolfram Häring,Leicht genau Nacht darauf Lehrerin.,,Comedy,3547135409188,Zenon Boucsein-Mosemann,2024-03-22 07:52:22,Regal-2
CD,Herr Metin Stroh,Davon Spaß Bett Oma.,Stück ging Weihnachten wichtig Sonne.,Punkrock,3286454927125,Hanni Dörschner B.Eng.,2024-05-06 02:06:56,Regal-1
DVD,Dr. Marie-Therese Gutknecht B.A.,Papa Ding Loch holen Mama.,,Pop,7110469562285,Susanna Henschel,,Regal-3
DVD,Lisette Söding,Uns nennen weil Bild.,,Horror,5823358859381,Cornelia Caspar-Hauffer,,Regal-5
Buch,Reimund Becker,Hand schlecht fünf weg.,,Sachbuch,978-1-203-39163-8,Frau Anne-Rose Ruppersberger B.Eng.,,Regal-3
Buch,Guntram Gorlitz-Döring,Man wirklich neun.,,Horror,978-1-5192-0195-9,Kunibert Scheibe,,Regal-8
CD,Walburga Schenk,Garten schlimm Wagen böse.,Nicht hängen überall.,Punkrock,0133306656937,Willy Krebs,2024-03-29 01:59:04,Regal-6
CD,Jeannine auch Schlauchin B.Eng.,Fahren dürfen Fisch Leute.,Singen genau neu glücklich Straße sein gehen.,Sachbuch,1873761785610,Dr. Attila van der Dussen B.A.,,Regal-4
CD,Prof. Sabri Rosemann,Auch leise los dürfen.,Schwarz beide holen kurz.,Sachbuch,8267143590559,Irene Schleich B.Eng.,2024-05-28 11:10:35,Regal-1
DVD,Necati Binner,Küche Luft fressen.,,Punkrock,4464631969536,Univ.Prof. Raymund Nohlmans B.Eng.,2024-08-28 01:44:28,Regal-8
CD,Raisa Bähr,Nach Nase oft weg wie.,Wagen sieben bei vom Finger Opa Mädchen.,Horror,2105313030695,Hugo Kohl B.Eng.,2024-05-05 22:00:46,Regal-6
Buch,Herr Arnd Zahn B.Eng.,Scheinen laufen weiter.,,Sachbuch,978-1-4279-0719-6,Evelyne Hertrampf B.A.,2024-09-16 02:17:13,Regal-2
DVD,Univ.Prof. Rosi Gude,Ab Geburtstag Küche.,,Pop,1284019219755,Ekaterina Sager,2024-01-12 10:35:02,Regal-2
DVD,Dana Sorgatz,Spaß Hand.,,Punkrock,1759749685151,Alexa Reichmann,2024-07-05 04:56:27,Regal-3
CD,Janos Renner,Blume wer.,Einigen legen Feuer Stelle rechnen Ende baden.,Roman,9710946091741,Micha Scholz,2024-02-20 09:50:26,Regal-6
DVD,Hans-Hinrich Kabus,Waschen Wetter.,,Sachbuch,4872154719277,Klaus-Dieter Ring,2024-05-31 12:23:25,Regal-2
Buch,Bernhard Kade B.Sc.,Vom also.,,Comedy,978-0-229-41565-6,Stephanie Mitschke-Kraus,,Regal-1
DVD,Dimitri Bolzmann B.Sc.,Einmal fallen.,,Comedy,2212047647492,Dr. Johanna Neureuther B.Sc.,,Regal-5
CD,Alexa Weinhold,Laut Geburtstag.,Durch sehen Fuß Zeitung kann.,Horror,4861650552600,Johanne Riehl,,Regal-2
Buch,Moritz Biggen,Hand unser können gefährlich aber.,,Comedy,978-1-02-987842-9,Guido Linke,2024-01-13 11:03:09,Regal-3
DVD,Prof. Klaus-Jürgen Köster,Licht einigen ja gern Geld.,,Roman,5335342152182,Andree Schmidtke,,Regal-2
Buch,Enrico Drub B.Sc.,Eis Frau schlimm.,,Punkrock,978-1-57846-694-8,Olaf Adolph-Hornig,,Regal-8
DVD,Rudolph Köhler,Wohl Fußball.,,Punkrock,7751033436214,Dipl.-Ing. Patric Eberth MBA.,2024-05-16 12:29:59,Regal-2
DVD,Univ.Prof. Dietrich Textor,Setzen am mehr wissen müssen.,,Punkrock,7889760020472,Nuray Lachmann-Buchholz,,Regal-4
CD,Karola Kraushaar B.Eng.,Hart Bauer früh.,Steigen ganz dort nicht dumm schlagen.,Punkrock,1908893480109,Lara Häring,,Regal-5
Buch,Fanny Mälzer MBA.,Hin Onkel einmal richtig doch.,,Pop,978-1-143-69242-0,Jennifer Nette B.A.,,Regal-2
DVD,Hans-Wilhelm Bohnbach,Name leicht jung dumm.,,Pop,5408965802823,Kunigunde Weimer-Henschel,2024-09-06 18:05:05,Regal-1
CD,Dorle Scheibe B.Eng.,Ihr gar Hase darin lernen.,Hier unten Jahr verstehen.,Pop,0880501731210,Anto Bender,,Regal-9
CD,Liesa Schüler,Sprechen Haare klettern rechnen reiten.,Schicken Minute heißen nämlich öffnen.,Comedy,2585182511240,Katrin Rudolph,,Regal-1
Buch,Wiebke Beckmann,Im Sommer lassen.,,Horror,978-1-79980-074-3,Reinhold Trommler B.Sc.,2024-09-27 13:53:06,Regal-3
Buch,Alla Gorlitz B.A.,Einige nehmen andere.,,Comedy,978-0-09-142450-3,Herr H.-Dieter Wilms B.A.,,Regal-7
Buch,Wilfriede Lange,Fenster Bruder fest Küche hat.,,Roman,978-1-01-839813-6,Klaus-Werner Beyer B.Eng.,2024-05-18 02:16:24,Regal-3
Buch,Adina Preiß,Viel schenken Himmel.,,Comedy,978-0-7948-1745-9,Danica Haase B.Sc.,,Regal-5
Buch,Vittorio Döhn,Plötzlich gefährlich böse sollen.,,Horror,978-1-05-009552-9,Magda Martin-Hermighausen,,Regal-1
CD,Prof. Sigurd Steuer B.A.,Kaufen hören her.,Angst sieht zeigen nun wissen versuchen.,Pop,3044348640204,Tülay Hentschel,2024-09-15 08:40:54,Regal-2
DVD,Heribert Eimer B.Sc.,Sehr neu darin rufen.,,Comedy,0897416262715,Marijan Austermühle B.Eng.,2024-09-06 21:51:52,Regal-5
CD,Elly Wilmsen MBA.,Gehen Himmel Ball Papa Zimmer.,Über hoch sechs allein wahr.,Horror,5127069829962,Fred Kobelt,2024-07-06 08:45:47,Regal-10
CD,Irena Meister,Bald Teller.,Tief immer gestern bald fangen.,Punkrock,8165224937500,Ilka Margraf,,Regal-3
Buch,Claas Peukert-Schenk,Springen es oben endlich.,,Pop,978-0-7405-6624-0,Anna-Maria Wernecke,2024-04-19 18:58:28,Regal-1
DVD,Hans-Bernd Oderwald,Kein nichts unser schwarz.,,Pop,7751080751186,Lioba Briemer,2024-03-21 09:44:08,Regal-5
DVD,Anne-Kathrin Schmiedt-Sölzer,Ging Schule.,,Horror,9716490879804,Heinz-Gerd Graf,,Regal-7
CD,Kevin Kambs,Oma schaffen schlafen.,Oder Meer Monat.,Horror,7868438610184,Hansjoachim Ditschlerin,2024-08-23 20:53:47,Regal-10
CD,Werner Ziegert B.A.,Name Erde setzen.,Hinter Dorf beißen Tür bin Opa.,Roman,2692452920982,Dr. Remo Briemer MBA.,2024-06-23 00:50:30,Regal-7
CD,Ira Gieß,Fest ob.,Buch Maus deshalb.,Pop,5971509560126,Ing. Rico Zorbach B.Sc.,2024-06-25 11:44:03,Regal-7
Buch,Raissa Klemm-Henck,Nimmt wichtig in Abend erklären.,,Comedy,978-0-15-922060-3,Dipl.-Ing. Valeska Peukert,2024-01-13 06:23:30,Regal-4
DVD,Lilian Pruschke-Albers,Fahrrad Geschenk dabei Flasche.,,Horror,8465524598907,Ing. Ilja Kabus MBA.,,Regal-8
CD,Brunhild Kitzmann,Braun fährt schreiben Tante.,Lehrerin zur nämlich gelb dumm Haus.,Comedy,9635860348378,Dipl.-Ing. Silja Geisler B.Sc.,2024-08-04 01:50:58,Regal-3
Buch,Meta Junitz,Danach Beispiel Nacht.,,Sachbuch,978-0-264-12196-3,Ester Berger-Jacob,2024-02-27 18:45:20,Regal-9
CD,Kira Jacobi Jäckel,Müssen packen stark kommen voll.,Bild auch Herz wohl und nimmt.,Sachbuch,4013902325573,Helen Kühnert B.Sc.,2024-06-26 01:24:25,Regal-3
CD,Czeslaw Neuschäfer,Einigen Woche frei.,Oft jeder Platz Arzt Schiff.,Horror,0251849140277,Philomena Beyer-Mies,2024-03-19 14:16:33,Regal-4
CD,Antonietta Junck-Klemt,Frau schon wer Musik.,Fallen oder dick den.,Horror,0659709100674,Czeslaw Atzler B.Eng.,2024-03-28 01:13:08,Regal-4
Buch,Melissa Kohl,Vor Musik kochen wieder Winter.,,Roman,978-1-58250-426-1,Tim Täsche MBA.,2024-07-23 06:29:49,Regal-3
CD,Celal Döring-Schmiedt,Frage Mädchen fahren.,Nicht trinken Sommer Teller Geld hin Wald.,Punkrock,2228222718222,Jozef Becker B.Sc.,2024-04-11 07:52:23,Regal-8
CD,Walburga Trubin,Polizei Schluss ist.,Wenig spielen kurz können merken Licht Name.,Comedy,6898683845063,Diane Naser B.A.,2024-04-20 11:34:05,Regal-9
Buch,Olav Klemm,Wiese bringen nie heiß.,,Roman,978-1-4829-9139-0,Dietmar Möchlichen,,Regal-5
Buch,Dr. Marcella Roskoth B.A.,Bin denken brauchen antworten.,,Comedy,978-0-381-90347-3,Berit Hamann,2024-03-16 16:58:10,Regal-5
CD,Ursel Döhn,Papa fertig stellen.,Draußen warum halten schwarz.,Punkrock,7924291674845,Florentine Zahn,,Regal-9
Buch,Ewald Kambs MBA.,Baden geben gerade fliegen machen.,,Comedy,978-0-518-49078-4,Knud Johann,2024-06-19 23:31:59,Regal-6
CD,Marisa Rogner,Halbe klein erschrecken waschen richtig.,Geschichte an bei schön war.,Sachbuch,4452045011354,Jadwiga Jessel B.Eng.,,Regal-9
DVD,Hans-H. Wieloch MBA.,Schuh auch.,,Sachbuch,5229794033949,Karolin Losekann B.A.,2024-09-03 15:50:52,Regal-6
CD,Folkert Wilms,Machen sofort.,Fiel nennen kalt weil in Rad jetzt.,Comedy,3191112604891,Monique Krebs,2024-04-11 10:31:01,Regal-2
DVD,Hans-Peter Mende,Fußball schwimmen bringen machen Tier.,,Roman,7651693786004,Margit Ebert B.Eng.,2024-09-25 07:11:45,Regal-7
DVD,Herr Reiner Nohlmans MBA.,In ich hin singen.,,Comedy,7523581343302,Herr Mato Peukert,2024-09-27 01:04:54,Regal-3
Buch,Andre Neuschäfer,Traurig fahren baden selbst treffen.,,Punkrock,978-0-263-61226-4,Dr. Ottomar Thanel B.Sc.,2024-01-02 09:47:49,Regal-2
CD,Waltraut Mies,Suchen auch dann vor.,Rennen See etwas gerade.,Punkrock,0563063690880,Tibor Werner,,Regal-1
Buch,Eduard Kühnert MBA.,Machen Minute grün Stück Wasser.,,Roman,978-0-8261-8826-7,Florentine Plath B.Eng.,2024-06-22 12:33:31,Regal-1
DVD,Dr. Ivonne Rosenow,Wo Maus dir klein.,,Horror,7533454747960,Peter-Michael Henk,,Regal-6
Buch,Ferenc Klemt,Möglich Woche nichts Bein.,,Roman,978-0-657-58667-6,Malte Wilmsen MBA.,2024-01-22 18:22:20,Regal-9
CD,Gerolf Mans B.Sc.,Gleich fahren drehen andere unter.,Hilfe springen Geschenk Beispiel jeder ihm.,Comedy,7722197963182,Karsten Kallert,,Regal-9
DVD,Annelene Blümel B.Eng.,Stück fährt also.,,Sachbuch,5852169577368,Adeline Geißler-Becker,,Regal-1
Buch,Herlinde Spieß,Leben Papa nass Geburtstag haben.,,Horror,978-0-679-06914-0,Prof. Ulf Riehl B.Sc.,,Regal-5
DVD,Pirmin Wohlgemut,Maus Mutter sagen aus Minutenmir.,,Sachbuch,3105227397081,Hansgeorg Beyer-Barkholz,,Regal-1
DVD,Frau Elly Nerger B.Eng.,Kind fiel geben Ferien Gesicht.,,Punkrock,5625457308445,Edda Ritter-Sager,2024-06-14 14:39:00,Regal-1
CD,Bertha Noack,Bauen danach dumm das wieder.,Alle schreiben Wetter.,Comedy,5989154992377,Centa Schulz-Drub,,Regal-10
CD,Magdalena Röhrdanz,Ihm dem schnell.,Schwimmen fröhlich Nacht stellen Eltern.,Pop,5436915632626,Cäcilie Fiebig,,Regal-1
DVD,Romy Pärtzelt,Es Straße.,,Sachbuch,6204598975717,Nikolaus Preiß,2024-04-22 17:03:36,Regal-7
Buch,Stephanie Tschentscher,Blume deshalb sein.,,Horror,978-1-274-64413-8,Dr. Christel Holsten B.Eng.,2024-02-25 18:56:58,Regal-1
DVD,August Schaaf,Himmel Brief treffen einigen weit.,,Punkrock,2161032162208,Dr. Gabor Kostolzin B.Sc.,2024-07-21 19:13:33,Regal-4
DVD,Constanze Rohleder,Spaß Milch Beispiel.,,Comedy,1240765680195,Anika Stey,,Regal-2
CD,André Heydrich,Wahr Nase.,Müde Oma sagen öffnen auch Milch sagen.,Pop,2395527732489,Konrad Ditschlerin,2024-07-24 00:33:47,Regal-2
Buch,Greta Kraushaar,Vergessen Mädchen müde denn.,,Roman,978-0-444-34873-9,Eileen Gute-Schaaf,2024-06-09 14:52:12,Regal-5
DVD,Julius Beyer,Name steigen Arbeit.,,Sachbuch,8720976285608,Ing. Brigitta Vogt,2024-09-01 22:25:40,Regal-10
DVD,Karl-Peter Steuer-Nette,Ruhig wird darin gewinnen wo.,,Punkrock,7056157006672,Dr. Mikhail Reichmann B.Eng.,,Regal-7
CD,Dr. Slobodan Ditschlerin,Bauen leise dir Meer vorbei.,See Zeit ruhig Lehrer.,Horror,5945530724086,Miodrag Bender,2024-03-28 15:14:01,Regal-8
CD,Frau Elisabeth Birnbaum B.Eng.,Fallen wahr nass.,Bein schön liegen nein las.,Pop,0953677611485,Melissa Caspar,,Regal-4
Buch,Sara Butte-Weihmann,Viel schön als lachen gut.,,Punkrock,978-1-397-32852-6,Univ.Prof. Arno Rosenow,,Regal-10
CD,Univ.Prof. Eckhart Hertrampf MBA.,Fest arbeiten.,Schüler hoch rufen Schule davon Minutenmir.,Comedy,0416701969001,Dagmar Rogge,2024-03-02 12:02:14,Regal-2
DVD,Priska Schomber MBA.,Freund bei deshalb ich.,,Pop,1405257955490,Mohamed Albers-Neuschäfer,2024-09-23 11:21:41,Regal-9
CD,Ansgar Wilmsen,Seite gegen gleich.,Tun Land sollen holen nichts.,Comedy,0261610636953,Frau Gundel Heuser MBA.,2024-07-01 08:47:19,Regal-8
DVD,Univ.Prof. Helma Kühnert,Haus lange Schule.,,Pop,3449074593280,Karl-Ludwig Mende,,Regal-7
CD,Bodo Schulz,Heraus eigentlich verlieren.,Vielleicht dein unter Pferd machen sehen Sohn.,Roman,7878151790230,Nevenka Austermühle B.Eng.,,Regal-10
DVD,Ron Löffler,Heute was da nennen.,,Sachbuch,3072870457984,Frau Justine Steckel,,Regal-3
CD,Dipl.-Ing. Diether Stahr B.Eng.,Schüler sprechen.,Maus daran davon Monat sollen.,Roman,3085306844463,Liliane Ernst,,Regal-3
CD,Marta Walter-Hendriks,Dein her.,Beim acht fressen Berg dabei geben stellen.,Comedy,3139584419124,Heinrich Mentzel,,Regal-7
Buch,Ing. Laila Pruschke,Ruhig Haus lange.,,Horror,978-0-566-69746-3,Gert Jüttner,,Regal-7
DVD,Silvio Jacobi Jäckel B.Eng.,Winter fragen auf schauen.,,Roman,5222032958004,Thekla Jungfer,2024-06-28 15:30:05,Regal-8
DVD,Gunnar Bloch-Wagenknecht,Wissen zur brauchen Ding Monat.,,Roman,6214997159953,Raymund Tschentscher B.Eng.,2024-07-08 10:19:12,Regal-3
CD,Jane Wernecke,Wahr gesund beißen.,Waschen kein Sache Boden.,Punkrock,1591216983229,Ing. Kunigunda Bärer,,Regal-10
Buch,Jan Ullrich,Wagen wenn einigen Nase müssen.,,Roman,978-0-13-841339-2,Christa-Maria Birnbaum,,Regal-5
DVD,Frau Grete Albers,Schwimmen nennen fünf.,,Punkrock,3710959425133,Jacob Hecker,2024-08-04 05:22:05,Regal-6
DVD,Krzysztof Schuchhardt B.A.,Geld denn Weg lernen neben.,,Comedy,5590635735286,Annita Krebs-Etzler,2024-09-17 07:48:04,Regal-3
CD,Dittmar Jockel,Ziehen Schluss.,Jung sind sehen ziehen ob gewinnen brauchen.,Punkrock,7601288978925,Eberhardt Jessel,2024-07-16 03:30:43,Regal-9
CD,Dipl.-Ing. Sandro Becker B.Sc.,Jahr versuchen sein.,Eigentlich andere über Wissen Glück gar beim.,Roman,9412357088401,Prof. Hans-Ulrich Drubin B.A.,2024-03-10 09:34:16,Regal-4
CD,Hellmut Kühnert,Hin lustig reiten sollen.,Name rot rennen zeigen was Fuß.,Punkrock,3318703489778,Univ.Prof. Enno Loos B.Sc.,,Regal-3
Buch,Dipl.-Ing. Heinz-Günther Herrmann B.Sc.,Ihn Familie leicht heute.,,Comedy,978-1-05-251257-4,Marian Heß,,Regal-3
CD,Ian Hofmann,Fuß müssen Platz schreiben Auto.,Überall einige bis jeder in.,Pop,8920629543769,Univ.Prof. Waltraud Mies B.Sc.,,Regal-5
CD,Betina Henk B.A.,Vogel offen Monat.,Nase nicht öffnen Zahl zu.,Horror,3694111493355,Ira Dussen van MBA.,,Regal-6
CD,Benno Klemm,Licht hinter sitzen.,Los Vater Feuer ohne.,Horror,6781932561565,Marcus Krause,,Regal-4
DVD,Dr. Saban Mühle,Neben ziehen.,,Comedy,6465575330336,Beatrice Dippel B.Sc.,2024-09-07 01:29:04,Regal-6
DVD,Univ.Prof. Sylvester Steinberg MBA.,Dumm kein reiten beim.,,Sachbuch,5121455538698,Ivo Sorgatz-Scheel,2024-05-01 20:01:55,Regal-3
DVD,Elke Bauer-Junitz,Bald daran finden sicher möglich.,,Pop,0435284084383,Heinz-Willi Söding-Hübel,,Regal-1
CD,Mary Herrmann-Stey,Mein Affe.,Acht erklären sein wahr.,Pop,9624807569525,Ralf-Dieter Trub,2024-08-13 04:54:08,Regal-8
Buch,Dipl.-Ing. Elsa Fliegner B.Eng.,Deshalb erst nicht war.,,Roman,978-0-7971-8288-2,Valeska Holzapfel B.Eng.,2024-06-11 22:52:49,Regal-3
CD,Valentin Huhn,Immer Auto seit Eis Licht.,Essen groß Bruder versuchen Angst schlafen.,Sachbuch,8704385829899,Silvana Metz,2024-08-05 10:16:00,Regal-2
CD,Prof. Lisbeth Koch B.Eng.,Flasche Bein Ding aber.,Zimmer Mann genau gesund turnen gleich wenn.,Horror,3803885662021,Dr. Mandy Keudel B.Sc.,2024-08-12 23:47:13,Regal-6
DVD,Hans-Eberhard Dietz,Neben Weihnachten Wald einmal.,,Roman,7055333527796,Bozena Adler,,Regal-3
CD,Micha Kraushaar,Genau schenken sollen.,Kind dann bei werden jeder schenken sagen.,Sachbuch,4523820914587,Martine Gumprich,2024-03-29 17:50:04,Regal-5
DVD,Frank-Michael Stumpf,Lehrer neu ins ein.,,Roman,0776193928130,Philippe Gotthard,2024-02-10 21:15:33,Regal-10
CD,Rosa-Maria Schmiedecke-Textor,Schwester ins dort warten nicht.,Rad warm verstehen oder lieb wieder sich.,Horror,0848994614076,Lorenzo Wieloch B.Eng.,,Regal-10
CD,Hans-Martin Mohaupt,Freuen dein alt darauf.,Draußen sagen fragen überall.,Comedy,6299006571490,Undine Hofmann,,Regal-5
DVD,Dipl.-Ing. Leonid Atzler B.A.,Hilfe warm bis.,,Horror,1624323436798,Geza Peukert-Koch II,2024-08-09 22:26:24,Regal-5
CD,Zeljko Rörricht,Treffen lustig erst kochen.,Wohnen Himmel vergessen kalt.,Punkrock,9264980182335,Xenia Hörle,2024-02-18 15:55:26,Regal-4
Buch,Ing. Hans-Günther Stiebitz B.Eng.,Jung nächste Eltern oft.,,Roman,978-1-268-64209-6,Justus Seidel,,Regal-3
CD,Dr. Lea Gehringer B.Sc.,Sitzen wohl.,Bauer sechs sitzen stehen.,Pop,8097675421836,Ahmed Zahn,,Regal-4
Buch,Luciano Flantz,Brief endlich schaffen denken überall.,,Horror,978-0-08-834988-8,Heide Schinke,,Regal-8
CD,Kathrin Steckel B.Sc.,Hart zehn.,Hängen schlecht über in denken las.,Horror,3349623069719,Dr. Kirstin Bauer,2024-04-08 05:10:58,Regal-8
Buch,Konstantin Henschel-Rädel,Weit Fahrrad zurück.,,Sachbuch,978-1-63134-488-6,Univ.Prof. Hartwig Drewes,,Regal-2
Buch,Marijan Jessel,Merken Rad rot fressen.,,Roman,978-1-5332-9013-7,Alicja Kambs,2024-03-26 07:00:48,Regal-8
DVD,Hans-Dietrich Pohl B.Eng.,Nennen ins.,,Horror,3419675737536,Rigo Fliegner,2024-03-08 00:40:07,Regal-1
CD,Mirjana Stoll,Wer Vater singen.,Noch Bauer stehen wichtig oft gewinnen Vater.,Comedy,7714037344800,Udo Bachmann-Steinberg,,Regal-5
CD,Univ.Prof. Viktor Huhn B.Sc.,Zurück alle packen arbeiten.,Natürlich Vogel dort lesen Fahrrad Zeitung arbeiten Seite.,Roman,6039754596594,Hans-Jochen Schulz B.A.,2024-07-15 16:49:07,Regal-8
DVD,Hans-Georg Henck,Erde Auto.,,Pop,1570853103313,Frau Änne Karge B.A.,2024-07-20 18:21:49,Regal-9
DVD,Silvester Preiß MBA.,Treffen was jetzt.,,Horror,6195660999284,Dagmar Jungfer,,Regal-6
CD,Arnold Scheibe,Kopf Stelle kaufen Lehrer.,Schlagen nicht gelb lustig Hilfe krank einigen Lehrer.,Horror,1718147945137,Frederike Koch II,2024-05-11 01:08:08,Regal-9
DVD,Walli Weller B.A.,Dazu Auge Tür.,,Roman,3667834382169,Herr Ahmed Köster B.A.,2024-05-19 04:34:53,Regal-10
Buch,Ewald Textor,Ziehen sich Zeitung lustig.,,Punkrock,978-0-221-01613-4,Priska Junk,2024-05-29 14:36:09,Regal-9
DVD,Prof. Stefani Geisler,Freund Hunger.,,Punkrock,3018835770248,Mohamed Hauffer,2024-05-05 23:55:17,Regal-6
Buch,Lambert Dowerg,Einmal schicken.,,Horror,978-0-669-91759-8,Christl Ring,2024-08-15 02:31:19,Regal-10
DVD,Dipl.-Ing. Sandra Steinberg,Anfangen sofort sie.,,Roman,9259301584059,Elisabet Scheibe MBA.,,Regal-4
CD,Hermann Josef Gunpf,Nächste nämlich.,Er Frage Wald bin sicher wenn.,Sachbuch,1757503445676,Anatolij Dippel B.Eng.,,Regal-5
CD,Rudi Gumprich,Zwei kalt.,Also lesen sicher geben jung.,Roman,5620883617079,Milan Dehmel,2024-08-22 05:19:42,Regal-4
CD,Clarissa Barkholz,See sich Nase traurig war.,Gelb Bein baden wünschen sitzen hier.,Horror,4766358935963,Kevin Döhn B.A.,,Regal-3
Buch,Babett Kensy,Erzählen Woche Spaß Junge.,,Horror,978-1-179-81997-6,Kreszenz Hornich,2024-01-18 04:28:31,Regal-2
CD,Ana Fritsch,Suchen ist ab Affe.,Nein Boden sehr fangen da darin.,Sachbuch,4769299017057,Fatima Atzler,,Regal-7
CD,Nick Scheuermann,Rechnen ließ reich nennen.,Schwester beim weg genau Mensch.,Punkrock,8299353422474,Theodora Wagenknecht,2024-08-03 03:27:35,Regal-7
Buch,Prof. Birgit Rörricht,Oma möglich Bild.,,Punkrock,978-1-241-97804-4,Kati Naser-Warmer,2024-05-11 02:55:57,Regal-1
CD,Melitta Biggen,Essen danach.,Andere bleiben fahren Wagen.,Sachbuch,1093789320758,Clarissa Bolnbach,2024-09-24 05:47:36,Regal-7
DVD,Florence Dehmel,Katze Pferd einfach zwischen.,,Comedy,1006430460116,Nico Kostolzin,,Regal-5
DVD,Dipl.-Ing. Sibylla Bähr B.A.,Fliegen verstecken.,,Comedy,3207703518826,Prof. Andreas Stoll,2024-03-21 16:33:05,Regal-8
CD,Jens-Peter Walter MBA.,Leben laufen ruhig.,Gefährlich Stelle Bett packen Apfel schaffen.,Sachbuch,2774810867297,Roderich Peukert B.A.,,Regal-3
CD,Adriane Rohleder-Stey,Neu geben.,Schule Tisch dunkel.,Pop,8646701181437,Käthe Mälzer,,Regal-9
DVD,Miroslawa Kramer,Sommer eigentlich am ihn erschrecken.,,Horror,8753788216829,Frau Lili Holzapfel MBA.,2024-04-23 16:37:57,Regal-9
DVD,Maike Hartung,Erklären sieht.,,Sachbuch,6722564193250,Telse Hermighausen B.A.,2024-01-20 18:30:19,Regal-4
CD,Dipl.-Ing. Wibke Mitschke B.Eng.,Junge Glas Apfel.,Einige blau Garten in Fahrrad kann.,Roman,1624192544648,Emmi Köster-Weinhold,2024-03-25 18:06:39,Regal-1
Buch,Armin Trapp B.A.,Gelb Musik selbst Stein Leben.,,Sachbuch,978-1-05-261071-3,Engelbert Heidrich,,Regal-4
DVD,Bodo Walter,Sache warum Spaß Polizei.,,Sachbuch,8617936463292,Bernhard Stiebitz,2024-07-25 18:45:39,Regal-4
CD,Magret Knappe,Später traurig neun.,Essen geben setzen bald.,Comedy,4074927212187,Frau Luzia Seip B.Eng.,,Regal-4
CD,Malgorzata Roskoth,Braun böse bald.,Gewinnen lachen Hase Kind glücklich Zahl.,Comedy,9179227076677,Dina Tschentscher,2024-03-10 06:13:22,Regal-4
CD,Hanife Preiß,Dorf da.,Heiß weit fallen in Fahrrad.,Sachbuch,1673816471341,Ute Hartung,2024-09-15 22:53:08,Regal-9
DVD,Ottokar Eckbauer B.Eng.,Bein Geburtstag fragen Tag schwer.,,Pop,1101733345112,Gretel Mitschke,2024-07-03 02:20:42,Regal-4
Buch,Clemens Gotthard,Auto zwischen Jahr.,,Punkrock,978-1-219-43491-6,Karlfried Patberg B.Sc.,,Regal-8
DVD,Ortrun Martin,Haben springen Feuer warm.,,Comedy,7505776779981,Florian Jacobi Jäckel,2024-04-20 06:07:26,Regal-10
DVD,Dipl.-Ing. Hüseyin Lange B.Eng.,Immer suchen Mädchen acht können.,,Punkrock,2461846465343,Hansjürgen Drub,2024-08-26 08:55:59,Regal-2
Buch,Mercedes Lange,Stadt machen liegen Minutenmir.,,Comedy,978-1-72707-575-5,Antonino Jungfer-Ritter,,Regal-9
DVD,Arno Kramer,Hilfe durch wohnen.,,Horror,2491891516295,Hans Peter Kohl,,Regal-2
CD,Frau Ernestine Ortmann,Ja Kopf schlafen glücklich.,Beispiel braun wir Kopf Frau Geschenk.,Roman,7316694391892,Enver Stiffel,2024-01-15 19:38:19,Regal-8
Buch,Franz-Josef Hamann,Stark hat Frau.,,Roman,978-0-383-83845-2,Ilias Eigenwillig,,Regal-9
Buch,Holger Harloff-Nohlmans,Kann Eltern neu Sonntag.,,Sachbuch,978-0-15-845391-0,Rico Eckbauer-Freudenberger,,Regal-8
CD,Gretchen Scheibe,Tief schicken das ruhig nass.,Schreiben heraus gefährlich.,Sachbuch,2191684705034,Christine Bien,,Regal-8
CD,Ing. Margarita Dörschner B.A.,Deshalb Bauer.,Kopf Sache wie fiel.,Pop,1059962696355,Hans-Jörg Beer B.A.,,Regal-4
Buch,Hendrik Wesack-Junk,Wetter nur.,,Horror,978-0-434-50910-2,Jacob Pärtzelt-Trupp,,Regal-10
Buch,Concetta Geisel-Pechel,Essen Monat braun.,,Punkrock,978-1-61726-560-0,Hildegunde Schweitzer,2024-06-04 01:48:52,Regal-9
Buch,Esther Heinrich-Jopich,Geld Woche gegen für Gesicht.,,Horror,978-1-63294-170-1,Emanuel Dörschner,,Regal-4
DVD,Augustin Wilms,Licht ließ wohnen.,,Roman,4076518121816,Rita Trüb B.A.,,Regal-1
DVD,Dipl.-Ing. Gretel Schuchhardt,Frei Freund.,,Horror,1530562083306,Prof. Gotthard Rust B.Eng.,,Regal-3
DVD,Mattias Schmidt-Gude,Las Auge überall mehr danach.,,Horror,8660469329429,Herrmann Flantz,2024-02-04 16:06:14,Regal-9
CD,Doreen Dussen van-Tintzmann,Lustig kurz bleiben warten.,Jeder bringen glücklich drei Schüler können.,Punkrock,2010840013656,Karla Flantz,,Regal-1
CD,Dr. Harri Hettner B.Sc.,Sollen Schiff kurz.,Tragen vor Freund will Schluss zehn Geschichte.,Pop,0071697391368,Hans-Bernd Heydrich,2024-01-17 07:05:11,Regal-2
CD,Ing. Vesna Lindau,Das Name wieder werden weinen.,Opa Haare unter also fressen Lehrerin gleich dunkel.,Pop,1221574418094,Alexa Zahn,,Regal-8
CD,Eckhart Rosemann B.Eng.,Ging gesund langsam.,Darauf schenken klettern nass schon.,Comedy,4937417949683,Ing. Eckehard Keudel,,Regal-6
DVD,Steffen Gorlitz,Darauf Sonntag.,,Comedy,5582392906047,Folkert Dowerg B.A.,,Regal-7
CD,Univ.Prof. Emma Riehl,Wohl rufen sprechen sofort Hunger.,Tag Uhr brauchen wichtig weiß Junge Eis.,Comedy,0585543052728,Marit Kuhl,2024-06-07 13:57:25,Regal-9
DVD,Dipl.-Ing. Danny Rosemann B.Eng.,Versuchen alle holen oder.,,Comedy,0928305674309,Mehmet Lange,2024-07-29 09:02:26,Regal-3
Buch,Univ.Prof. Paula Reising,Schicken zehn gehören ging wird.,,Punkrock,978-1-301-10983-8,Mina Hahn-Steinberg,2024-05-14 21:30:17,Regal-2
Buch,Jonas Baum,Rennen Wiese nah aber.,,Comedy,978-0-8387-6861-7,Aleksander Karz-Beyer,2024-08-07 07:36:46,Regal-9
DVD,Stephan Wilmsen,Fest führen mehr.,,Roman,5746329210519,Nils Kallert,,Regal-4
Buch,Dr. Johannes Hartmann MBA.,Halbe sieben hinein neben.,,Roman,978-1-85756-993-3,Frau Karolin Weimer,2024-04-01 10:48:30,Regal-1
DVD,Reimar Förster,Licht Schule.,,Punkrock,2064928676127,Regina Schuster B.Sc.,,Regal-7
Buch,Czeslaw Becker,Ferien Hase Winter.,,Comedy,978-1-86595-797-5,Otto Mälzer-Herrmann,2024-09-02 12:32:43,Regal-3
DVD,Klaus-Dieter Pärtzelt,Zusammen schön hier damit.,,Horror,5227968406896,Rena Beer,,Regal-2
CD,Hüseyin Hahn,Leute mit Tante fliegen Luft.,Schiff zwischen fallen sieht.,Punkrock,8045350430628,Univ.Prof. Corinna Mans,2024-02-18 22:11:32,Regal-4
Buch,Janine Hecker,Einmal das.,,Sachbuch,978-1-4025-3065-4,Dipl.-Ing. Theresa Kroker MBA.,2024-06-26 05:23:06,Regal-10
DVD,Ing. Urs Blümel B.Sc.,Fuß acht Glas.,,Pop,1974204625453,Geraldine Warmer-Gnatz,2024-09-08 09:14:51,Regal-5
DVD,Leif Gehringer-Koch II,Der Frage Junge.,,Roman,8093293999610,Thorsten Finke B.A.,2024-08-25 12:26:17,Regal-9
DVD,Ing. Irene Löchel,Weiter sieht stellen.,,Pop,5613573150734,Prof. Bruni Ullmann,,Regal-8
DVD,Univ.Prof. Klaus Peter Finke B.A.,Bringen allein einmal.,,Pop,8829322737065,Univ.Prof. Dierk Otto B.Sc.,2024-01-19 06:40:27,Regal-10
Buch,Ralf Bauer,Arbeit Nase wollen scheinen.,,Roman,978-1-360-79724-3,Annerose Reuter,,Regal-1
CD,Burkhardt Koch II,Zeitung Küche Schule kalt.,Legen darin Straße schauen.,Horror,1058861074240,Frau Carla Seip,,Regal-5
DVD,Frau Kunigunde Werner B.Sc.,Dabei Monat dem.,,Roman,5372466034840,Prof. Danuta Textor MBA.,2024-08-03 01:30:10,Regal-1
DVD,Dr. Rosina Adler B.Sc.,Fehlen Fenster Herz.,,Horror,1952734708549,Dipl.-Ing. Florentine Rosemann,,Regal-4
Buch,Carmine Mangold,Nah genau dauern.,,Punkrock,978-1-05-093164-3,Ernest Werner,,Regal-7
Buch,Ing. Brian Hesse B.Sc.,Mutter Mutter rund wenig allein.,,Punkrock,978-0-480-32990-7,Prof. Gabor Henck,,Regal-6
Buch,Agnes Dörr MBA.,Schuh Gesicht fährt heiß.,,Sachbuch,978-0-905586-94-6,Klara Köhler,,Regal-2
CD,Rene Trub,Frau verlieren glücklich.,Mit drei fast natürlich führen merken versuchen.,Comedy,9145879068032,Vitus Kroker-Langern,2024-04-27 07:57:48,Regal-5
CD,Janna Haase MBA.,Packen und langsam antworten.,Geschenk den leise beide aus.,Punkrock,8134557116739,Sylvana Steuer,2024-05-14 01:28:16,Regal-4
DVD,Dr. Maritta Ritter B.A.,Geschenk machen Brot Mensch.,,Comedy,9509889036939,Dr. Christos Heintze B.Sc.,,Regal-1
DVD,Alwine Drewes,Tür drei glauben zu.,,Sachbuch,3067628817998,Matthias Klingelhöfer-Pieper,2024-02-05 16:45:18,Regal-7
DVD,Margaret Säuberlich-Ullrich,Jetzt Sohn helfen.,,Sachbuch,1023989947110,Ing. Gilbert Ruppert,2024-08-29 01:20:08,Regal-4
DVD,Ljubica Reuter-Trub,Jung mein hinein fressen.,,Horror,1446787376584,Charles Mohaupt-Gute,2024-07-09 12:30:26,Regal-7
Buch,Janna Henk B.A.,Polizei wollen gab turnen ein.,,Punkrock,978-0-7158-1672-1,Sigrun Noack B.A.,2024-01-06 11:55:36,Regal-6
CD,Cornelius Mies,Darin schreiben gleich gefährlich.,Dir rufen Luft sprechen scheinen.,Punkrock,3397014555808,Gaby Blümel-Stey,2024-06-13 00:26:49,Regal-4
DVD,Maria-Luise Plath,Herz einfach Tante was.,,Horror,4574378235051,Susanna Mälzer B.Eng.,2024-08-13 15:22:18,Regal-7
CD,Babett Sontag,Gleich offen so.,Bin Pferd Sonntag mal Spiel besser.,Sachbuch,8869864718504,Fredi Patberg,,Regal-3
DVD,Dipl.-Ing. Zenon Steckel,Bruder Zeit ohne.,,Punkrock,3319870997790,Wladimir Dehmel,2024-06-30 04:35:28,Regal-8
CD,Brigitta Weimer,Dafür böse fährt.,Hart gehen Tag fangen unter dafür.,Sachbuch,2135610581019,Hans-Willi Seip,,Regal-2
CD,Fredo Schuster,Ist Tante.,Als Feuer Minutenmir Abend draußen Himmel legen.,Horror,6055153132522,Dino Killer,2024-06-14 21:22:19,Regal-2
Buch,Marisa Schulz-Schleich,Erklären erst dich.,,Sachbuch,978-1-935363-89-7,Leon Aumann B.Sc.,,Regal-7
Buch,Folker Noack,Freund braun kochen.,,Sachbuch,978-1-67250-215-3,Prof. Heidelore Butte,,Regal-3
CD,Luzie Tlustek,Tür mögen oben.,Ab helfen erklären dort doch besser.,Punkrock,6241104382904,Gereon Vollbrecht,2024-05-29 01:07:20,Regal-10
Buch,Magnus Höfig-Scholz,Reich noch Fisch oben.,,Horror,978-1-957587-80-6,Anneke Ring,2024-08-30 06:40:17,Regal-1
Buch,Dr. Annedore Tlustek B.A.,Aus schlagen so was.,,Horror,978-0-678-09207-1,Karl Carsten,,Regal-7
DVD,Hans-Adolf Nerger-Fischer,Bald Hand zehn wirklich.,,Horror,8836291121726,Aneta Thies,2024-09-23 20:49:42,Regal-7
DVD,Ursula Jacobi Jäckel,Deshalb ganz weit Sohn.,,Roman,0924993906609,Heidemarie Förster,,Regal-2
CD,Stanislav Speer,Licht rechnen Schluss Lehrerin kein.,Frei Zahl zwei glücklich steigen.,Punkrock,7094748571376,Prof. Yasemin Henschel,,Regal-5
DVD,Florentine Schmidt,Uhr verkaufen durch Zeit Lehrerin.,,Roman,9951702747261,Annegrete Pieper,2024-02-18 04:09:51,Regal-1
DVD,Univ.Prof. Gabriella Schomber MBA.,Zimmer halten brauchen tun nah.,,Pop,1811985790645,Xenia Tröst-Juncken,2024-01-28 22:39:20,Regal-3
CD,Magret Hornig MBA.,Arzt Land ab Stelle.,Sagen nichts Hase lange.,Comedy,0631175427721,Emmerich Hoffmann,,Regal-7
CD,Cäcilia Schomber,Wagen fährt nämlich Kind Arzt.,Welt früher setzen für turnen bauen.,Punkrock,7551867186046,Marieluise Liebelt,2024-06-19 05:49:12,Regal-6
Buch,Claus Budig,Weil gab ging kochen.,,Pop,978-0-494-25200-0,Liliane Langern,2024-05-08 07:05:16,Regal-6
DVD,Sophia Keudel,Zug stellen.,,Comedy,1470920613892,Anne-Katrin Höfig MBA.,2024-06-24 20:06:15,Regal-4
CD,Dipl.-Ing. Ian Hartmann MBA.,Sonntag ließ geben warum.,Eis Ding Milch Stein zwei.,Roman,6265789235003,Valentine Schenk B.Eng.,2024-08-18 15:55:50,Regal-8
CD,Dariusz Berger,Schiff will Erde Frau sechs.,Schlimm wichtig dafür gut Brot wieder.,Comedy,2846000917362,Ewald Drub,,Regal-9
Buch,Univ.Prof. Hedda Bonbach,Teller reiten einigen Wohnung Herr.,,Punkrock,978-0-7809-1874-0,Mareike Briemer,2024-04-14 18:25:07,Regal-1
DVD,Gisela Berger,Ins drei Uhr an.,,Punkrock,6770073505729,Alexandros Wulff,,Regal-5
CD,Enrico Rohleder,Zwei Vater Bett Mann.,Gesicht essen beißen nicht bin fiel bauen.,Horror,8721179240883,Gertraut Hänel-Mohaupt,2024-02-24 12:10:27,Regal-1
CD,Simone Jacobi Jäckel,Klasse uns Stück.,Voll schicken Maus Land bekommen antworten schreien.,Roman,4701450966408,Adelbert Schmidt MBA.,,Regal-7
DVD,Veronika Löchel,Geschenk bauen schwer ruhig dein.,,Roman,3550715684516,Heinz-Günther Biggen,,Regal-3
DVD,Erica Hornich,Daran Platz die.,,Horror,2180064439652,Ekrem Dietz-Adler,,Regal-10
CD,Halil Jessel-Dippel,Glück Wohnung ab.,Kochen braun Wiese leise wie Tür ließ.,Roman,5347313794024,Traugott Juncken B.A.,2024-01-20 00:17:03,Regal-1
Buch,Prof. Ivan Sölzer,Grün leben arbeiten wer auf.,,Horror,978-0-438-12561-2,Gisa Martin,,Regal-3
DVD,Gustav Hörle,Buch Ball nach.,,Comedy,3403135230187,Miodrag Girschner-Scholl,,Regal-6
DVD,Sedat Renner,Langsam turnen gehen schwarz.,,Sachbuch,5910711274865,Ing. Bärbel Mielcarek B.Eng.,2024-02-21 09:30:53,Regal-6
DVD,Berend Weller,Rechnen einigen früh Hilfe werden.,,Roman,1081746219269,Florence Röhricht MBA.,,Regal-4
CD,Sieglinde Ruppert-Hertrampf,Schwer sind.,Schenken dort zwischen.,Roman,6587621120620,Dipl.-Ing. Mariana Stey,2024-02-18 16:47:58,Regal-8
DVD,Ewa Weller,Sicher nimmt ich fahren.,,Sachbuch,2210085261229,Tadeusz Caspar B.A.,,Regal-1
DVD,Hanno Döring,Schluss kann.,,Roman,3997204391720,Theresa Seifert,2024-09-29 12:14:58,Regal-5
Buch,Augustin Holzapfel-Eigenwillig,Frei Schuh packen wo müssen.,,Comedy,978-0-7853-8187-7,Antoinette Sontag,,Regal-5
Buch,Annegret Müller,Sollen schlagen spielen bekommen.,,Comedy,978-0-911747-31-7,Anastasios Fischer,2024-03-04 11:40:19,Regal-9
DVD,Margrit Gotthard,Packen Dorf Teller also lieb.,,Roman,5686538333572,Frau Monica Bruder B.Sc.,2024-05-07 05:25:29,Regal-4
Buch,Dr. Hans Josef Süßebier,Sitzen Stelle Hund Winter.,,Punkrock,978-0-05-354658-8,Lieschen Börner,,Regal-10
Buch,Mary Lindau-Söding,Opa gelb.,,Horror,978-0-02-004890-9,Herr Jörgen Stoll,2024-07-16 22:39:46,Regal-6
DVD,Hilde Hande-Wirth,Hoch spielen Mensch Haare.,,Pop,5632949584638,Michaela Trüb,,Regal-4
DVD,Janett Linke-Striebitz,Finden Flasche Ende singen.,,Pop,9881580332122,Malte Hecker,,Regal-4
CD,Joerg Trub B.A.,Polizei damit schicken.,Hand Glas Ding da später haben.,Pop,9217701078233,Meinolf Ritter-Scheuermann,,Regal-8
Buch,Pascal Liebelt,Weit Erde klettern.,,Sachbuch,978-0-18-116751-8,Valentine Fiebig,,Regal-6
Buch,Hugo Wilms MBA.,Ging jeder Fußball richtig Vogel.,,Comedy,978-0-9551183-3-3,Toralf Mude,,Regal-4
CD,Fernando Kuhl,Herz hier gehören warten.,Nennen Baum sechs tief.,Horror,8391608575949,Annegrete Segebahn-Wirth,2024-04-11 00:42:07,Regal-5
DVD,Prof. Birgid Rädel B.Eng.,Essen werfen es Spiel oder.,,Comedy,7995035482125,Rosl Steinberg,,Regal-1
DVD,Prof. Klaas Heintze B.A.,Jung besser weiß.,,Horror,2672878532945,Diethelm Kambs-Sager,2024-09-06 02:35:50,Regal-8
DVD,Gitta Dörschner MBA.,Wo Mann Fuß Uhr gar.,,Comedy,2730533576007,Erich Dörr B.Sc.,2024-03-15 18:34:47,Regal-9
CD,Metin Söding B.Sc.,Bruder und seit vergessen mal.,Fangen Garten Polizei wünschen turnen laut.,Comedy,9241193060339,Dr. Roselinde Faust B.A.,2024-03-13 15:58:15,Regal-9
DVD,Carmela Hiller-Seidel,Küche Auge reich.,,Pop,9721261763695,Gertrude Dobes MBA.,,Regal-10
Buch,Prof. Klaus-Dieter Trommler B.A.,Etwas hören da.,,Comedy,978-1-4153-7286-9,Tilman Faust B.Sc.,2024-09-20 12:13:22,Regal-6
Buch,Athanasios Jäntsch,Helfen Zug schwimmen werfen sehen.,,Roman,978-1-55770-949-3,Dipl.-Ing. Anette Hartmann B.A.,,Regal-7
DVD,Vinzenz Mülichen,Hand warum Teller sieht sonst.,,Sachbuch,6271278337004,Herr Goran Mangold,2024-06-06 03:00:24,Regal-7
CD,Gerold Bruder,Deshalb rennen sollen vor.,Wenn gehören sind dein Oma nämlich Wohnung.,Punkrock,7111111543881,Wencke Etzler,,Regal-4
CD,Katrin Mitschke,Her immer Seite.,Grün dauern drei geben.,Roman,5483146551790,Frau Priska Meister,,Regal-5
CD,Heinz-Dieter Spieß,Oben wichtig Abend gefährlich damit.,Küche am Hunger Bett.,Comedy,7022804477300,Igor Rohleder-Eberth,2024-08-15 13:31:37,Regal-6
Buch,Kornelius Röhrdanz,Sehr tun Fisch für.,,Horror,978-0-09-349121-3,Iwan Junken-Beer,,Regal-8
CD,Folker Eigenwillig-Hoffmann,Durch zehn.,Uns gehen am sofort damit.,Punkrock,1492177278624,Fredi Bien-Hauffer,2024-05-26 08:36:02,Regal-6
DVD,Jens-Peter Holt-Kensy,Dabei gab beide ihr.,,Roman,5593132614986,Nikolas Hövel,2024-02-16 00:25:42,Regal-1
DVD,Emma Tschentscher,Monate denn.,,Punkrock,9415363617368,Dr. Gudula Drub MBA.,2024-03-26 00:23:06,Regal-2
DVD,Annedore Ortmann,Stark Arzt sieben.,,Horror,7816110380719,Marlen Hecker-Christoph,2024-03-13 21:16:15,Regal-9
DVD,Raik Wesack,Ohne ruhig darauf.,,Pop,0850016823236,Jolanda Klingelhöfer,,Regal-10
Buch,Univ.Prof. Evelyne Buchholz B.A.,Wenn kommen ruhig wissen.,,Sachbuch,978-1-5150-8918-6,Prof. René Döring,2024-09-22 18:33:29,Regal-6
Buch,Betty Gierschner,Erde gegen Garten.,,Horror,978-0-17-649353-0,Pierre Henck,,Regal-10
Buch,Björn Kreusel,Ihm beide bei überall.,,Comedy,978-0-7384-8747-2,Ildiko Beckmann,2024-07-09 07:22:25,Regal-6
CD,Dipl.-Ing. Anett Römer,Beim schicken mögen.,Unser frei kalt jung nächste ohne.,Roman,9920378283007,Gabriele Noack,2024-01-27 14:50:08,Regal-9
Buch,Geert Beer,Darin Stück.,,Sachbuch,978-0-459-60063-1,Caterina Bachmann,2024-09-23 16:48:02,Regal-1
CD,Silvio Trupp,Früh rot.,Geschichte seit krank aber.,Pop,7582213183693,Jose Schuster,,Regal-4
DVD,Dipl.-Ing. Nicole Gumprich,Möglich Dorf nichts.,,Roman,9960333389139,Univ.Prof. Ludwina Wende B.Eng.,,Regal-9
CD,Geraldine Seifert,Bringen Schuh kochen arbeiten verstehen.,Wohnen weg Erde Pferd denken zur.,Comedy,2648115524356,Elzbieta Ring,,Regal-9
CD,Ing. Egon Steinberg,Himmel das hören.,Gab später Freund.,Pop,7554149876840,Cäcilie Junck,,Regal-6
Buch,Felix Gierschner-Säuberlich,Platz stark Seite.,,Punkrock,978-0-662-39902-5,Dr. Nikola Etzold B.A.,,Regal-9
CD,Cetin Hamann,Warten schlecht schwarz Frage.,Ohne Eltern langsam.,Horror,2401213217359,Ing. Katherina Jüttner MBA.,,Regal-5
CD,Harald Reuter,Wissen Sohn hin einige Berg.,Nichts klein schreien dauern öffnen fehlen essen.,Horror,2636094467900,Alan Bärer,,Regal-6
Buch,Peter-Michael Rosemann,Weinen neu wirklich der groß.,,Sachbuch,978-0-18-911837-6,Ruthild Schottin,2024-06-21 04:28:32,Regal-1
CD,Hella Johann B.A.,Winter Bein gut danach.,Schlecht schlimm Brot leicht Schwester unter.,Pop,6903081030604,Liane Gotthard B.A.,,Regal-5
DVD,Gertrude Jungfer,Etwas stark wirklich.,,Comedy,7772886971851,Herr Diedrich Sorgatz B.A.,,Regal-9
DVD,Baldur Stroh B.A.,Monat alle Loch.,,Comedy,6127956162560,Prof. Theodora Drubin,,Regal-1
Buch,Ruben Wähner,Vielleicht selbst.,,Horror,978-0-15-765345-8,Dipl.-Ing. Bernd Römer,,Regal-4
DVD,Helga Söding-Paffrath,Sitzen erst werden uns lustig.,,Comedy,3399290119118,Marcus Barkholz B.Eng.,2024-08-03 03:50:41,Regal-6
DVD,Gerfried Bohnbach,Ende rufen dir dein.,,Comedy,8904107845552,Thoralf Keudel,2024-01-19 03:43:36,Regal-7
DVD,Marliese auch Schlauchin MBA.,Selbst dumm besser Angst ich.,,Punkrock,6174597059797,Mohammed Beier,2024-09-24 03:41:32,Regal-3
DVD,Udo Pruschke,Sonst haben Mann hinein Stück.,,Roman,1590579271332,Herr Hansjörg Schwital B.Eng.,,Regal-6
CD,Philippe Gumprich,Finden lieb.,Nicht dumm Hund vielleicht.,Roman,0936636910829,Ing. Irmtrud Killer,2024-06-20 17:20:32,Regal-7
Buch,Prof. Hansjörg Löchel MBA.,Klein lesen oft.,,Roman,978-0-17-669538-5,Waltraut Trüb,2024-02-11 18:13:18,Regal-3
CD,Jerzy Scholl-Schleich,Rechnen fährt dabei sprechen krank.,Werden Teller Bild für dunkel dazu packen öffnen.,Punkrock,9961153464860,Hansgeorg Patberg,2024-05-07 06:44:15,Regal-5
Buch,Hubertus Eberth-Jungfer,Schnee Arbeit noch.,,Punkrock,978-0-560-78909-6,Margot Kohl-Trub,2024-08-02 12:12:57,Regal-3
Buch,Walfried Klemt MBA.,An Zeit schlafen.,,Sachbuch,978-1-212-82051-8,Bernd-Dieter Adler,2024-07-07 12:37:06,Regal-5
CD,Carmine Jähn B.Sc.,Dick Mensch verstehen.,Beide gut dort kennen wirklich.,Pop,9824216955562,Prof. Kathrin Pergande,2024-06-18 01:13:30,Regal-10
DVD,Diana Ortmann B.Eng.,Schnell fest Stein.,,Sachbuch,2860776421397,Ing. Sandor Austermühle MBA.,2024-07-11 12:46:53,Regal-6
CD,Britta Kraushaar,Alle Tier.,Stelle ab Frage schlimm sich Monat nun.,Horror,6477051469447,Pascale Förster,,Regal-1
Buch,Veli Löwer,Hilfe leben haben.,,Horror,978-1-56974-917-3,Arzu Schleich,2024-01-23 21:04:54,Regal-4
Buch,Gabriele Mitschke,Sie ich Vater mehr.,,Punkrock,978-0-279-61536-5,Ilija Beyer,2024-03-03 11:34:56,Regal-8
DVD,Jadwiga Bolnbach B.A.,Brot schaffen Berg Schluss.,,Pop,3828002961313,Jens Werner-Striebitz,,Regal-4
CD,Ingried auch Schlauchin B.A.,Ziehen Name sind.,Lesen in Polizei Loch richtig müde lustig.,Punkrock,5438006228145,Kemal Tintzmann,,Regal-3
Buch,Prof. Corinna Zirme,Seit Zug krank.,,Pop,978-0-422-21442-1,Dragica Schäfer,2024-07-04 22:22:18,Regal-2
DVD,Gunhild Hahn,Helfen lieb Polizei.,,Roman,5195849613094,Sophie Kitzmann,,Regal-10
Buch,Hartmuth Striebitz,Wahr mehr.,,Sachbuch,978-1-5496-1612-9,Filiz Rosemann,2024-07-18 22:58:30,Regal-5
DVD,Beatrix Schleich B.A.,Bauen legen Stein nehmen Kind.,,Roman,4996184792717,Univ.Prof. Heini Hänel,,Regal-9
DVD,Natali Lindner-Kambs,Spaß Opa ihr Arzt.,,Comedy,2670327483299,Jeanette Hornig,,Regal-8
CD,Ing. Gitta Salz,Sonne Schule Stunde.,Dick Bruder ziehen kein weiß gehen.,Horror,0275153780868,Dipl.-Ing. Adelgunde Salz B.Sc.,2024-06-28 22:45:04,Regal-7
Buch,Prof. Pasquale Fröhlich,Schlagen ob verkaufen Fenster dürfen.,,Punkrock,978-0-85795-500-5,Hans-Erich Geisel,,Regal-7
CD,Univ.Prof. Bertha Eckbauer MBA.,Rund Zug ganz.,Nun sicher Nacht sofort rechnen.,Comedy,3495213011320,Juliane Sorgatz,,Regal-2
CD,Jiri Lindau,Luft fehlen unser.,Dunkel Küche sich nach wir.,Pop,0941724214253,Prof. Mona Junck B.Eng.,,Regal-10
CD,Paulo Dörschner,Tür groß geben Minute.,Gab dauern finden freuen.,Punkrock,7156048330104,Beatrice Hecker,2024-01-03 20:26:12,Regal-9
Buch,Heinz-Jürgen Mühle,Schenken Essen spielen.,,Punkrock,978-0-910573-27-6,Bekir Geisel,,Regal-10
Buch,Ingetraut Söding,Tag natürlich schreiben dem.,,Comedy,978-0-327-94789-9,Ljiljana Röhricht-Vogt,,Regal-10
CD,Prof. Marco Keudel,Lehrer Abend frei.,Kommen Blume weinen leise.,Pop,9094414392180,Lissi Ortmann,,Regal-4
Buch,Paulina Schwital,Gott Schuh nennen.,,Sachbuch,978-0-423-03027-3,Massimo Schulz-Trub,,Regal-6
CD,Frau Annemarie Eberhardt,Sommer kochen.,Grün zeigen müde Hase führen.,Roman,7603250967586,Ingelore Schäfer B.Eng.,2024-02-17 06:50:24,Regal-3
Buch,Edeltraut Beyer,Dort Schnee andere.,,Horror,978-0-909861-27-8,Heidelore Tschentscher,,Regal-3
DVD,Leokadia Dippel,Braun lange spielen.,,Punkrock,3676334129808,Luciano Wulf B.Sc.,,Regal-9
Buch,Ing. Traugott Hofmann B.Eng.,Mehr bekommen.,,Sachbuch,978-0-618-77776-1,Prof. Cindy Liebelt MBA.,2024-02-14 03:49:55,Regal-1
Buch,Ullrich Gotthard,Sache reiten jung frei.,,Comedy,978-1-79107-960-4,Lilly Wirth,2024-07-07 12:24:55,Regal-7
DVD,Ivan Sager MBA.,Papa dauern.,,Punkrock,0530588839841,Christos Wulf-Gröttner,2024-04-07 05:13:31,Regal-6
Buch,Gerfried Hänel,Fangen vom Ferien fliegen treffen.,,Horror,978-0-670-81526-5,Christine Roht,,Regal-1
DVD,Celal Reuter B.Eng.,Liegen Minutenmir.,,Comedy,0581257392808,Jose Mühle,,Regal-10
CD,Josefine Kühnert,Wünschen mein in Buch.,Als Eltern gab früh Stelle.,Sachbuch,4064937402173,Doreen Gieß-Schweitzer,,Regal-8
CD,Hildegund Stahr,Wie einige sicher Papa.,Springen zwei Zeitung erzählen jetzt uns Wissen nur.,Horror,5259164504304,Marit Beer,2024-04-11 11:00:02,Regal-1
Buch,Ing. Frauke Neureuther B.A.,Stark doch hin doch.,,Pop,978-1-955100-48-9,Dipl.-Ing. Zoran Peukert B.Eng.,,Regal-2
DVD,Recep Käster MBA.,Denken essen Arbeit waschen natürlich.,,Pop,6700272191966,Dr. Gesine Wirth,,Regal-5
DVD,Univ.Prof. Fadime Lorch B.Eng.,Gegen Vogel.,,Punkrock,6923787519036,Laszlo Harloff,,Regal-6
DVD,Ing. Beatrice Eberhardt B.Eng.,Setzen schwarz.,,Comedy,7900270824852,Maritta Caspar,,Regal-7
Buch,Reinhard Zahn-Girschner,Wieder schreiben.,,Pop,978-0-615-66774-4,Mustafa Stahr,2024-07-19 18:33:29,Regal-1
DVD,Ingried Roskoth,Schlimm freuen gut.,,Roman,3877515996114,Wieland Keudel,,Regal-4
CD,Alma Heintze-Eberth,Auch Baum Herz.,Wieder Papa baden Sommer.,Comedy,4650338208393,Raissa Patberg,2024-01-27 16:51:13,Regal-10
DVD,Ing. Nora Seifert B.Sc.,Jetzt brauchen.,,Roman,2112623162725,Gesa Hübel MBA.,2024-08-18 23:07:27,Regal-3
DVD,Ralf-Peter Eimer,Nun packen versuchen neun.,,Horror,1556652407890,Eleonora Baum,2024-03-29 19:52:06,Regal-6
Buch,Miroslaw Schmidtke,Etwas hoch Zimmer.,,Sachbuch,978-0-555-21645-3,Cathrin Weihmann,2024-09-21 17:11:05,Regal-6
CD,Cilli Oderwald,Gibt Sache schreien.,Rad tief reiten zusammen.,Comedy,4072089084550,Gunhild Neuschäfer,,Regal-5
Buch,Prof. Kunigunde Klemm,Reiten Arzt.,,Punkrock,978-1-281-81909-3,Prof. Anna Ebert B.Eng.,,Regal-5
CD,Friedhilde Textor,Möglich in groß.,Unten endlich mit am nämlich Schule Finger letzte.,Comedy,4474056087340,Kai-Uwe Bruder-Hoffmann,2024-01-06 03:59:52,Regal-6
DVD,Frau Anneliese Caspar,Zeitung Küche.,,Punkrock,2408466478490,Ludwina Junitz MBA.,2024-04-17 18:19:19,Regal-4
Buch,Dr. Aynur Seip,Fast Sonntag Mensch sofort.,,Pop,978-1-333-43293-5,Anatol Adolph,,Regal-3
Buch,Grazyna Pohl-Pechel,Mensch drehen Fuß deshalb.,,Sachbuch,978-0-941539-65-4,Hansgeorg Schottin-Reinhardt,2024-06-19 14:55:58,Regal-10
DVD,Ivanka Kroker,Stück nach Stück.,,Horror,5142881857092,Melanie Biggen B.Sc.,2024-05-27 12:41:00,Regal-1
Buch,Prof. Lisa Häring,Zimmer dafür wohnen.,,Horror,978-0-620-53870-1,Geza Grein Groth B.Eng.,2024-04-18 14:20:50,Regal-7
Buch,Dipl.-Ing. Lisbeth Mans,Merken Milch darin.,,Comedy,978-1-206-39115-4,Prof. Brian Seifert B.A.,,Regal-8
CD,Ahmed Barth,Sehr haben hier nah.,Ist Musik Minute Stein Papa merken wie.,Punkrock,3164226262035,Mariele Liebelt,2024-07-13 12:25:53,Regal-6
CD,Siegrun Niemeier,Vier rechnen stehen.,Ich schicken Schüler Meer grün einige.,Roman,3235293037816,Erich Otto,,Regal-4
CD,Belinda Fiebig,Unter wenn vielleicht Bild fröhlich.,Mädchen natürlich da Stück.,Roman,7665220694434,Abraham Steuer,,Regal-6
Buch,Severin Kühnert MBA.,Platz baden trinken Geschichte.,,Pop,978-1-894838-19-1,Timm Speer,2024-03-06 20:28:31,Regal-2
Buch,Janett Finke-Dobes,Später mich sicher dein.,,Punkrock,978-0-9888109-7-6,Petra Plath B.A.,2024-09-27 01:20:06,Regal-4
Buch,Prof. Birgit Weinhold,Schreiben nächste.,,Comedy,978-0-449-71014-2,Anne-Kathrin Krebs,,Regal-4
Buch,Reingard Süßebier-Kobelt,Tisch damit ruhig zu halten.,,Comedy,978-0-05-394397-4,Niklas Tschentscher B.A.,2024-05-31 16:14:54,Regal-4
Buch,Tabea Bender,Holen rund spät sprechen fährt.,,Comedy,978-1-4472-4956-6,Bernhardine Rosemann,,Regal-2
DVD,Katja Wesack MBA.,Ohne wenn um warten.,,Horror,7384259990095,Aysel Stiffel MBA.,,Regal-3
DVD,Mina Steuer B.Eng.,Straße Papa nächste.,,Comedy,9823911591839,Klaus-Günter Budig,,Regal-1
CD,Dipl.-Ing. Hilmar Gertz B.A.,Gerade sieht.,Hase Geld böse fertig beim Spiel Teller.,Roman,0817985808824,Kathy Jacobi Jäckel-Graf,2024-04-03 15:30:37,Regal-2
Buch,Balthasar Kraushaar B.Eng.,Bekommen bin aus.,,Horror,978-0-7085-2462-6,Dogan Schwital B.A.,2024-05-28 09:08:11,Regal-6
Buch,Prof. Utz Butte,Zusammen da schreien denken im.,,Sachbuch,978-0-419-71650-1,Lothar Säuberlich-Hermann,2024-05-29 03:30:08,Regal-9
Buch,Jörn Seifert,Hunger alt.,,Punkrock,978-0-476-41231-6,Julie Warmer-Mülichen,2024-08-28 09:05:59,Regal-7
DVD,Ing. Wera Bender,Gar denn neben um packen.,,Pop,5121354154821,Ramon Gerlach-Dörr,,Regal-1
CD,Prof. Wilhelm Mans B.Sc.,Öffnen Mädchen.,Doch tun legen durch was.,Roman,6771201509022,Steve Stroh,,Regal-5
CD,Benno Hellwig-Sontag,Schlafen Geld schauen.,Schenken im wirklich ich acht Mann legen.,Pop,5088670850830,Jozef Segebahn B.Sc.,2024-03-05 21:01:42,Regal-10
Buch,Jann Heinz,Abend Himmel sich.,,Horror,978-0-472-20999-6,Uta Kraushaar,2024-09-30 10:37:28,Regal-2
Buch,Hagen Speer,Winter andere danach jetzt Ball.,,Roman,978-1-63510-853-8,Pavel Sager,2024-02-17 08:43:42,Regal-3
DVD,Mareike Hendriks,Mal Pferd nichts später.,,Pop,0022020402466,Heimo Junken,2024-03-25 10:21:59,Regal-10
CD,Helmuth Schäfer,Spiel wichtig gibt.,Wieder heiß Weihnachten schön Ball gelb fest.,Punkrock,4008535414725,Karina Zirme,2024-02-13 04:40:13,Regal-4
Buch,Miodrag Neuschäfer,Spaß sprechen Vogel warum.,,Roman,978-0-658-36971-1,Univ.Prof. Petros Vogt,2024-06-19 03:27:29,Regal-6
